23rd Jan Morning,3
23rd Jan Afternoon,2
23rd Jan Evening,2
24th Jan Morning,3
24th Jan Afternoon,2
24th Jan Evening,2
25th Jan Morning,3
25th Jan Afternoon,2
25th Jan Evening,2
26th Jan Morning,3
26th Jan Afternoon,2
26th Jan Evening,2
27th Jan Morning,3
27th Jan Afternoon,2
27th Jan Evening,2
28th Jan Morning,3
30th Jan Morning,3
30th Jan Afternoon,2
30th Jan Evening,2
31st Jan Morning,3
31st Jan Afternoon,2
31st Jan Evening,2
1st Feb Morning,3
1st Feb Afternoon,2
1st Feb Evening,2
2nd Feb Morning,3
2nd Feb Afternoon,2
2nd Feb Evening,2
3rd Feb Morning,3
3rd Feb Afternoon,2
3rd Feb Evening,2
4th Feb Morning,3
