8th Dec Morning,3
8th Dec Afternoon,3
8th Dec Evening,3
9th Dec Morning,3
9th Dec Afternoon,3
9th Dec Evening,3
10th Dec Morning,3
10th Dec Afternoon,3
10th Dec Evening,3
11th Dec Morning,3
11th Dec Afternoon,3
13th Dec Morning,3
13th Dec Afternoon,3
13th Dec Evening,3
14th Dec Morning,3
14th Dec Afternoon,3
14th Dec Evening,3
15th Dec Morning,3
15th Dec Afternoon,3
15th Dec Evening,3
16th Dec Morning,3
16th Dec Afternoon,3
16th Dec Evening,3
17th Dec Morning,3
17th Dec Afternoon,3
17th Dec Evening,3
